var,mean,lower,upper
mean_delay,6.56793,5.42496,7.94246
sd_delay,4.52475,3.51335,5.93706
a_delay,2.1613,1.46055,2.99852
b_delay,0.33214,0.21156,0.47732
