var,mean,lower,upper
mean_delay,10.03189,7.34306,13.58012
sd_delay,5.10811,3.31911,8.34036
a_delay,4.25256,1.8347,7.61576
b_delay,0.43314,0.17194,0.79854
