var,mean,lower,upper
mean_delay,7.85429,6.29422,9.79724
sd_delay,4.55684,3.32877,6.41399
a_delay,3.11285,1.80947,4.80535
b_delay,0.40112,0.21879,0.63774
