var,mean,lower,upper
mean_delay,9.63535,7.31862,12.64057
sd_delay,4.73521,3.18261,7.4232
a_delay,4.51843,2.04484,7.8785
b_delay,0.47705,0.2026,0.85314
