var,mean,lower,upper
mean_delay,6.57741,5.26752,8.20958
sd_delay,4.66505,3.49817,6.36022
a_delay,2.05345,1.31964,2.97309
b_delay,0.31611,0.18949,0.47546
