var,mean,lower,upper
mean_delay,9.43201,7.50664,11.81863
sd_delay,4.67239,3.31976,6.84329
a_delay,4.33955,2.26291,7.07389
b_delay,0.46581,0.22962,0.77878
