var,mean,lower,upper
mean_delay,8.52668,6.76836,10.73549
sd_delay,4.74388,3.41462,6.83129
a_delay,3.41026,1.87986,5.40324
b_delay,0.40517,0.21061,0.65938
