var,mean,lower,upper
mean_delay,10.81357,8.36267,13.93448
sd_delay,4.34738,2.93742,6.86346
a_delay,6.79755,2.91981,11.87605
b_delay,0.63778,0.26064,1.13697
