var,mean,lower,upper
mean_delay,6.5677,5.43138,7.93136
sd_delay,4.51786,3.51278,5.90519
a_delay,2.16668,1.47277,3.00498
b_delay,0.3329,0.21311,0.4782
