var,mean,lower,upper
mean_delay,6.57638,5.42983,7.95171
sd_delay,4.52734,3.51625,5.94188
a_delay,2.16417,1.46376,3.00586
b_delay,0.33215,0.21151,0.47699
