var,mean,lower,upper
mean_death,15.18125,13.04596,17.65675
sd_death,6.78029,5.24057,8.97318
a_death,5.21039,3.17516,7.74205
b_death,0.3452,0.20434,0.5211
