var,mean,lower,upper
mean_delay,6.56798,5.43633,7.93665
sd_delay,4.5161,3.50309,5.91853
a_delay,2.17036,1.46214,3.02391
b_delay,0.33353,0.21243,0.48031
