var,mean,lower,upper
mean_delay,6.57226,5.43768,7.95897
sd_delay,4.52624,3.50588,5.95271
a_delay,2.16402,1.45798,3.02043
b_delay,0.33237,0.21018,0.48054
