var,mean,lower,upper
mean_delay,6.57861,5.26978,8.20174
sd_delay,4.66823,3.49854,6.36518
a_delay,2.05083,1.31325,2.95009
b_delay,0.31565,0.18789,0.47372
