var,mean,lower,upper
mean_delay,10.00786,7.32918,13.54809
sd_delay,5.09184,3.29886,8.27978
a_delay,4.25819,1.84496,7.60638
b_delay,0.43473,0.17432,0.80414
