var,mean,lower,upper
mean_delay,10.81655,8.3572,13.94773
sd_delay,4.3624,2.93449,6.93496
a_delay,6.76679,2.87463,11.85758
b_delay,0.63495,0.25588,1.14024
