var,mean,lower,upper
mean_delay,8.5227,6.77105,10.73163
sd_delay,4.73157,3.40496,6.8177
a_delay,3.42344,1.89215,5.40559
b_delay,0.40689,0.21165,0.66112
