var,mean,lower,upper
mean_delay,9.42733,7.50453,11.80558
sd_delay,4.66353,3.32043,6.81417
a_delay,4.3488,2.27902,7.05092
b_delay,0.46692,0.23135,0.7752
