var,mean,lower,upper
mean_delay,7.8623,6.28868,9.81785
sd_delay,4.56946,3.34168,6.42416
a_delay,3.10196,1.7941,4.78452
b_delay,0.39936,0.21776,0.63427
