var,mean,lower,upper
mean_delay,6.56758,5.4315,7.95408
sd_delay,4.52113,3.51119,5.94819
a_delay,2.16518,1.45781,3.01369
b_delay,0.33276,0.21087,0.47968
