var,mean,lower,upper
mean_delay,9.6314,7.34399,12.61856
sd_delay,4.72069,3.18058,7.4248
a_delay,4.53789,2.07574,7.87045
b_delay,0.47929,0.20472,0.85104
