var,mean,lower,upper
mean_delay,6.74297,5.62027,8.088
sd_delay,4.5725,3.58142,5.947
a_delay,2.22793,1.52096,3.07269
b_delay,0.33323,0.21509,0.47546
